fecha,dia,local,visitante,goles_local,goles_visitante
Fecha 1,Apr 15 2023,Palmeiras,Cuiabá,2,1
Fecha 1,Apr 15 2023,América,Fluminense,0,3
Fecha 1,Apr 15 2023,Athletico/PR,Goiás,2,0
Fecha 1,Apr 15 2023,Botafogo,São,2,1
Fecha 1,Apr 15 2023,RB,Bahia,2,1
Fecha 1,Apr 15 2023,Fortaleza,Internacional,1,1
Fecha 1,Apr 15 2023,Atlético/MG,Vasco,1,2
Fecha 1,Apr 16 2023,Corinthians,Cruzeiro,2,1
Fecha 1,Apr 16 2023,Flamengo,Coritiba,3,0
Fecha 1,Apr 16 2023,Grêmio,Santos,1,0
Fecha 2,Apr 22 2023,Fluminense,Athletico/PR,2,0
Fecha 2,Apr 22 2023,Cuiabá,RB,1,1
Fecha 2,Apr 22 2023,São,América,3,0
Fecha 2,Apr 22 2023,Cruzeiro,Grêmio,1,0
Fecha 2,Apr 23 2023,Internacional,Flamengo,2,1
Fecha 2,Apr 23 2023,Vasco,Palmeiras,2,2
Fecha 2,Apr 23 2023,Santos,Atlético/MG,0,0
Fecha 2,Apr 23 2023,Coritiba,Fortaleza,0,3
Fecha 2,Apr 23 2023,Goiás,Corinthians,3,1
Fecha 2,Apr 24 2023,Bahia,Botafogo,1,2
Fecha 3,Apr 29 2023,Fortaleza,Fluminense,4,2
Fecha 3,Apr 29 2023,Coritiba,São,1,1
Fecha 3,Apr 29 2023,Palmeiras,Corinthians,2,1
Fecha 3,Apr 29 2023,RB,Cruzeiro,0,3
Fecha 3,Apr 29 2023,Santos,América,3,2
Fecha 3,Apr 29 2023,Atlético/MG,Athletico/PR,2,1
Fecha 3,Apr 30 2023,Flamengo,Botafogo,2,3
Fecha 3,Apr 30 2023,Internacional,Goiás,1,0
Fecha 3,Apr 30 2023,Cuiabá,Grêmio,1,2
Fecha 3,May 1 2023,Vasco,Bahia,0,1
Fecha 4,May 6 2023,Cruzeiro,Santos,2,1
Fecha 4,May 6 2023,Fluminense,Vasco,1,1
Fecha 4,May 7 2023,América,Cuiabá,1,2
Fecha 4,May 7 2023,Bahia,Coritiba,3,1
Fecha 4,May 7 2023,Athletico/PR,Flamengo,2,1
Fecha 4,May 7 2023,São,Internacional,2,0
Fecha 4,May 7 2023,Grêmio,RB,3,3
Fecha 4,May 7 2023,Botafogo,Atlético/MG,2,0
Fecha 4,May 7 2023,Goiás,Palmeiras,0,5
Fecha 4,May 8 2023,Corinthians,Fortaleza,1,1
Fecha 5,May 10 2023,Santos,Bahia,3,0
Fecha 5,May 10 2023,RB,América,2,2
Fecha 5,May 10 2023,Internacional,Athletico/PR,0,2
Fecha 5,May 10 2023,Cuiabá,Atlético/MG,0,4
Fecha 5,May 10 2023,Flamengo,Goiás,2,0
Fecha 5,May 10 2023,Palmeiras,Grêmio,4,1
Fecha 5,May 10 2023,Cruzeiro,Fluminense,0,2
Fecha 5,May 11 2023,Botafogo,Corinthians,3,0
Fecha 5,May 11 2023,Coritiba,Vasco,1,1
Fecha 5,May 11 2023,Fortaleza,São,0,0
Fecha 6,May 13 2023,Bahia,Flamengo,2,3
Fecha 6,May 13 2023,Palmeiras,RB,1,1
Fecha 6,May 13 2023,Fluminense,Cuiabá,2,0
Fecha 6,May 13 2023,Atlético/MG,Internacional,2,0
Fecha 6,May 14 2023,Vasco,Santos,0,1
Fecha 6,May 14 2023,Corinthians,São,1,1
Fecha 6,May 14 2023,Grêmio,Fortaleza,0,0
Fecha 6,May 14 2023,Athletico/PR,Coritiba,3,2
Fecha 6,May 14 2023,Goiás,Botafogo,2,1
Fecha 6,May 14 2023,América,Cruzeiro,0,4
Fecha 7,May 20 2023,Bahia,Goiás,1,1
Fecha 7,May 20 2023,América,Fortaleza,2,1
Fecha 7,May 20 2023,RB,Athletico/PR,2,0
Fecha 7,May 20 2023,Coritiba,Atlético/MG,1,2
Fecha 7,May 20 2023,São,Vasco,4,2
Fecha 7,May 20 2023,Botafogo,Fluminense,1,0
Fecha 7,May 20 2023,Santos,Palmeiras,0,0
Fecha 7,May 21 2023,Flamengo,Corinthians,1,0
Fecha 7,May 21 2023,Grêmio,Internacional,3,1
Fecha 7,May 22 2023,Cruzeiro,Cuiabá,0,1
Fecha 8,May 27 2023,Fortaleza,Vasco,2,0
Fecha 8,May 27 2023,Athletico/PR,Grêmio,1,2
Fecha 8,May 27 2023,Cuiabá,Coritiba,1,1
Fecha 8,May 27 2023,Flamengo,Cruzeiro,1,1
Fecha 8,May 27 2023,São,Goiás,2,1
Fecha 8,May 28 2023,Internacional,Bahia,2,0
Fecha 8,May 28 2023,Corinthians,Fluminense,2,0
Fecha 8,May 28 2023,Atlético/MG,Palmeiras,1,1
Fecha 8,May 28 2023,RB,Santos,2,0
Fecha 8,May 28 2023,Botafogo,América,2,0
Fecha 9,Jun 3 2023,Fortaleza,Bahia,0,0
Fecha 9,Jun 3 2023,América,Corinthians,2,0
Fecha 9,Jun 3 2023,Athletico/PR,Botafogo,1,0
Fecha 9,Jun 3 2023,Cruzeiro,Atlético/MG,0,1
Fecha 9,Jun 3 2023,Santos,Internacional,1,1
Fecha 9,Jun 4 2023,Fluminense,RB,2,1
Fecha 9,Jun 4 2023,Grêmio,São,2,1
Fecha 9,Jun 4 2023,Palmeiras,Coritiba,3,1
Fecha 9,Jun 4 2023,Goiás,Cuiabá,0,1
Fecha 9,Jun 5 2023,Vasco,Flamengo,1,4
Fecha 10,Jun 10 2023,Coritiba,Santos,0,0
Fecha 10,Jun 10 2023,Atlético/MG,RB,1,1
Fecha 10,Jun 10 2023,Bahia,Cruzeiro,2,2
Fecha 10,Jun 10 2023,Corinthians,Cuiabá,1,1
Fecha 10,Jun 10 2023,Botafogo,Fortaleza,2,0
Fecha 10,Jun 11 2023,América,Athletico/PR,2,2
Fecha 10,Jun 11 2023,São,Palmeiras,0,2
Fecha 10,Jun 11 2023,Internacional,Vasco,2,1
Fecha 10,Jun 11 2023,Goiás,Fluminense,2,2
Fecha 10,Jun 11 2023,Flamengo,Grêmio,3,0
Fecha 11,Jun 21 2023,São,Athletico/PR,2,1
Fecha 11,Jun 21 2023,Cruzeiro,Fortaleza,0,1
Fecha 11,Jun 21 2023,Santos,Corinthians,0,2
Fecha 11,Jun 21 2023,Fluminense,Atlético/MG,1,1
Fecha 11,Jun 21 2023,Bahia,Palmeiras,1,0
Fecha 11,Jun 22 2023,Grêmio,América,3,1
Fecha 11,Jun 22 2023,Cuiabá,Botafogo,0,1
Fecha 11,Jun 22 2023,Coritiba,Internacional,0,1
Fecha 11,Jun 22 2023,Vasco,Goiás,0,1
Fecha 11,Jun 22 2023,RB,Flamengo,4,0
Fecha 12,Jun 24 2023,Athletico/PR,Corinthians,1,0
Fecha 12,Jun 24 2023,Fluminense,Bahia,2,1
Fecha 12,Jun 24 2023,Fortaleza,Atlético/MG,2,1
Fecha 12,Jun 24 2023,Cruzeiro,São,1,0
Fecha 12,Jun 25 2023,Grêmio,Coritiba,5,1
Fecha 12,Jun 25 2023,Palmeiras,Botafogo,0,1
Fecha 12,Jun 25 2023,América,Internacional,1,2
Fecha 12,Jun 25 2023,RB,Goiás,2,0
Fecha 12,Jun 25 2023,Santos,Flamengo,2,3
Fecha 12,Jun 26 2023,Vasco,Cuiabá,1,0
Fecha 13,Jul 1 2023,São,Fluminense,1,0
Fecha 13,Jul 1 2023,Flamengo,Fortaleza,2,0
Fecha 13,Jul 1 2023,Bahia,Grêmio,1,2
Fecha 13,Jul 1 2023,Internacional,Cruzeiro,0,0
Fecha 13,Jul 2 2023,Corinthians,RB,0,1
Fecha 13,Jul 2 2023,Athletico/PR,Palmeiras,2,2
Fecha 13,Jul 2 2023,Botafogo,Vasco,2,0
Fecha 13,Jul 2 2023,Atlético/MG,América,2,2
Fecha 13,Jul 2 2023,Cuiabá,Santos,3,0
Fecha 13,Jul 3 2023,Goiás,Coritiba,1,2
Fecha 14,Jul 8 2023,Vasco,Cruzeiro,0,1
Fecha 14,Jul 8 2023,Cuiabá,Bahia,1,1
Fecha 14,Jul 8 2023,Coritiba,América,3,1
Fecha 14,Jul 8 2023,Atlético/MG,Corinthians,0,1
Fecha 14,Jul 8 2023,Palmeiras,Flamengo,1,1
Fecha 14,Jul 9 2023,Santos,Goiás,4,3
Fecha 14,Jul 9 2023,Fluminense,Internacional,2,0
Fecha 14,Jul 9 2023,RB,São,0,0
Fecha 14,Jul 9 2023,Grêmio,Botafogo,0,2
Fecha 14,Jul 9 2023,Fortaleza,Athletico/PR,1,0
Fecha 15,Jul 15 2023,Botafogo,RB,2,0
Fecha 15,Jul 16 2023,Cruzeiro,Coritiba,0,0
Fecha 15,Jul 16 2023,São,Santos,4,1
Fecha 15,Jul 16 2023,Fortaleza,Cuiabá,0,1
Fecha 15,Jul 16 2023,Fluminense,Flamengo,0,0
Fecha 15,Jul 16 2023,Internacional,Palmeiras,0,0
Fecha 15,Jul 16 2023,Athletico/PR,Bahia,2,0
Fecha 15,Jul 17 2023,Goiás,Atlético/MG,0,0
Fecha 15,Sep 18 2023,Corinthians,Grêmio,4,4
Fecha 15,Sep 23 2023,América,Vasco,0,1
Fecha 16,Jul 22 2023,Flamengo,América,1,1
Fecha 16,Jul 22 2023,Palmeiras,Fortaleza,3,1
Fecha 16,Jul 22 2023,Bahia,Corinthians,0,0
Fecha 16,Jul 22 2023,Cuiabá,São,2,1
Fecha 16,Jul 22 2023,Grêmio,Atlético/MG,1,0
Fecha 16,Jul 23 2023,Santos,Botafogo,2,2
Fecha 16,Jul 23 2023,Cruzeiro,Goiás,0,1
Fecha 16,Jul 23 2023,RB,Internacional,0,0
Fecha 16,Jul 23 2023,Vasco,Athletico/PR,0,2
Fecha 16,Jul 24 2023,Coritiba,Fluminense,2,0
Fecha 17,Jul 29 2023,Athletico/PR,Cruzeiro,3,3
Fecha 17,Jul 29 2023,Fluminense,Santos,1,0
Fecha 17,Jul 29 2023,Internacional,Cuiabá,1,2
Fecha 17,Jul 29 2023,Corinthians,Vasco,3,1
Fecha 17,Jul 29 2023,Fortaleza,RB,0,3
Fecha 17,Jul 29 2023,Atlético/MG,Flamengo,1,2
Fecha 17,Jul 30 2023,São,Bahia,0,0
Fecha 17,Jul 30 2023,Botafogo,Coritiba,4,1
Fecha 17,Jul 30 2023,América,Palmeiras,1,4
Fecha 17,Jul 30 2023,Goiás,Grêmio,1,1
Fecha 18,Aug 5 2023,Santos,Athletico/PR,1,1
Fecha 18,Aug 5 2023,Internacional,Corinthians,2,2
Fecha 18,Aug 5 2023,Goiás,Fortaleza,1,0
Fecha 18,Aug 5 2023,Fluminense,Palmeiras,2,1
Fecha 18,Aug 6 2023,São,Atlético/MG,0,2
Fecha 18,Aug 6 2023,Vasco,Grêmio,1,0
Fecha 18,Aug 6 2023,Coritiba,RB,0,1
Fecha 18,Aug 6 2023,Bahia,América,3,1
Fecha 18,Aug 6 2023,Cruzeiro,Botafogo,0,0
Fecha 18,Aug 6 2023,Cuiabá,Flamengo,3,0
Fecha 19,Aug 12 2023,Botafogo,Internacional,3,1
Fecha 19,Aug 13 2023,Atlético/MG,Bahia,1,0
Fecha 19,Aug 13 2023,América,Goiás,0,1
Fecha 19,Aug 13 2023,Grêmio,Fluminense,2,1
Fecha 19,Aug 13 2023,Corinthians,Coritiba,3,1
Fecha 19,Aug 13 2023,Fortaleza,Santos,4,0
Fecha 19,Aug 13 2023,Flamengo,São,1,1
Fecha 19,Aug 14 2023,Palmeiras,Cruzeiro,1,0
Fecha 19,Aug 14 2023,RB,Vasco,1,1
Fecha 19,Aug 15 2023,Athletico/PR,Cuiabá,2,0
Fecha 20,Aug 19 2023,São,Botafogo,0,0
Fecha 20,Aug 19 2023,Internacional,Fortaleza,0,1
Fecha 20,Aug 19 2023,Fluminense,América,3,1
Fecha 20,Aug 19 2023,Cuiabá,Palmeiras,0,2
Fecha 20,Aug 19 2023,Cruzeiro,Corinthians,1,1
Fecha 20,Aug 20 2023,Vasco,Atlético/MG,1,0
Fecha 20,Aug 20 2023,Coritiba,Flamengo,2,3
Fecha 20,Aug 20 2023,Santos,Grêmio,2,1
Fecha 20,Aug 20 2023,Bahia,RB,4,0
Fecha 20,Aug 21 2023,Goiás,Athletico/PR,1,1
Fecha 21,Aug 26 2023,Flamengo,Internacional,0,0
Fecha 21,Aug 26 2023,Corinthians,Goiás,1,1
Fecha 21,Aug 27 2023,RB,Cuiabá,2,0
Fecha 21,Aug 27 2023,Botafogo,Bahia,3,0
Fecha 21,Aug 27 2023,Atlético/MG,Santos,2,0
Fecha 21,Aug 27 2023,América,São,2,1
Fecha 21,Aug 27 2023,Fortaleza,Coritiba,3,1
Fecha 21,Aug 27 2023,Athletico/PR,Fluminense,2,2
Fecha 21,Aug 27 2023,Palmeiras,Vasco,1,0
Fecha 21,Aug 27 2023,Grêmio,Cruzeiro,3,0
Fecha 22,Sep 2 2023,Athletico/PR,Atlético/MG,1,1
Fecha 22,Sep 2 2023,Goiás,Internacional,0,0
Fecha 22,Sep 2 2023,Botafogo,Flamengo,1,2
Fecha 22,Sep 3 2023,Grêmio,Cuiabá,2,0
Fecha 22,Sep 3 2023,Fluminense,Fortaleza,1,0
Fecha 22,Sep 3 2023,Corinthians,Palmeiras,0,0
Fecha 22,Sep 3 2023,América,Santos,2,0
Fecha 22,Sep 3 2023,Cruzeiro,RB,0,0
Fecha 22,Sep 3 2023,Bahia,Vasco,1,1
Fecha 22,Sep 27 2023,São,Coritiba,2,1
Fecha 23,Sep 13 2023,Flamengo,Athletico/PR,0,3
Fecha 23,Sep 13 2023,Internacional,São,2,1
Fecha 23,Sep 14 2023,Santos,Cruzeiro,0,3
Fecha 23,Sep 14 2023,Fortaleza,Corinthians,2,1
Fecha 23,Sep 14 2023,Coritiba,Bahia,2,4
Fecha 23,Sep 14 2023,RB,Grêmio,2,0
Fecha 23,Sep 15 2023,Cuiabá,América,2,2
Fecha 23,Sep 15 2023,Palmeiras,Goiás,1,0
Fecha 23,Sep 16 2023,Vasco,Fluminense,4,2
Fecha 23,Sep 16 2023,Atlético/MG,Botafogo,1,0
Fecha 24,Sep 18 2023,Bahia,Santos,1,2
Fecha 24,Sep 19 2023,América,RB,0,2
Fecha 24,Sep 20 2023,Goiás,Flamengo,0,0
Fecha 24,Sep 20 2023,Fluminense,Cruzeiro,1,0
Fecha 24,Sep 20 2023,São,Fortaleza,1,2
Fecha 24,Sep 21 2023,Vasco,Coritiba,5,1
Fecha 24,Sep 21 2023,Athletico/PR,Internacional,2,1
Fecha 24,Sep 21 2023,Grêmio,Palmeiras,1,0
Fecha 24,Sep 22 2023,Corinthians,Botafogo,1,0
Fecha 24,Sep 23 2023,Atlético/MG,Cuiabá,1,0
Fecha 25,Sep 30 2023,Flamengo,Bahia,1,0
Fecha 25,Sep 30 2023,Fortaleza,Grêmio,1,1
Fecha 25,Sep 30 2023,São,Corinthians,2,1
Fecha 25,Sep 30 2023,Cuiabá,Fluminense,3,0
Fecha 25,Sep 30 2023,Internacional,Atlético/MG,0,2
Fecha 25,Oct 1 2023,Santos,Vasco,4,1
Fecha 25,Oct 1 2023,Cruzeiro,América,1,1
Fecha 25,Oct 1 2023,Coritiba,Athletico/PR,2,0
Fecha 25,Oct 1 2023,RB,Palmeiras,2,1
Fecha 25,Oct 2 2023,Botafogo,Goiás,1,1
Fecha 26,Oct 7 2023,Goiás,Bahia,4,6
Fecha 26,Oct 7 2023,Vasco,São,0,0
Fecha 26,Oct 7 2023,Corinthians,Flamengo,1,1
Fecha 26,Oct 8 2023,Internacional,Grêmio,3,2
Fecha 26,Oct 8 2023,Palmeiras,Santos,1,2
Fecha 26,Oct 8 2023,Fluminense,Botafogo,0,2
Fecha 26,Oct 8 2023,Atlético/MG,Coritiba,1,2
Fecha 26,Oct 8 2023,Athletico/PR,RB,1,1
Fecha 26,Oct 8 2023,Fortaleza,América,3,2
Fecha 26,Oct 14 2023,Cuiabá,Cruzeiro,0,0
Fecha 27,Oct 18 2023,Grêmio,Athletico/PR,1,2
Fecha 27,Oct 18 2023,América,Botafogo,1,2
Fecha 27,Oct 18 2023,Coritiba,Cuiabá,0,3
Fecha 27,Oct 18 2023,Vasco,Fortaleza,1,0
Fecha 27,Oct 18 2023,Bahia,Internacional,1,0
Fecha 27,Oct 18 2023,Goiás,São,2,0
Fecha 27,Oct 19 2023,Palmeiras,Atlético/MG,0,2
Fecha 27,Oct 19 2023,Cruzeiro,Flamengo,0,2
Fecha 27,Oct 19 2023,Santos,RB,1,3
Fecha 27,Oct 19 2023,Fluminense,Corinthians,3,3
Fecha 28,Oct 21 2023,Bahia,Fortaleza,2,0
Fecha 28,Oct 21 2023,Cuiabá,Goiás,1,1
Fecha 28,Oct 21 2023,São,Grêmio,3,0
Fecha 28,Oct 22 2023,Botafogo,Athletico/PR,1,1
Fecha 28,Oct 22 2023,Internacional,Santos,7,1
Fecha 28,Oct 22 2023,Atlético/MG,Cruzeiro,0,1
Fecha 28,Oct 22 2023,Flamengo,Vasco,1,0
Fecha 28,Oct 22 2023,Corinthians,América,1,1
Fecha 28,Oct 22 2023,RB,Fluminense,1,0
Fecha 28,Oct 22 2023,Coritiba,Palmeiras,0,2
Fecha 29,Oct 25 2023,Fluminense,Goiás,5,3
Fecha 29,Oct 25 2023,RB,Atlético/MG,1,2
Fecha 29,Oct 25 2023,Athletico/PR,América,3,2
Fecha 29,Oct 25 2023,Cruzeiro,Bahia,3,0
Fecha 29,Oct 25 2023,Palmeiras,São,5,0
Fecha 29,Oct 25 2023,Grêmio,Flamengo,3,2
Fecha 29,Oct 25 2023,Cuiabá,Corinthians,0,1
Fecha 29,Oct 26 2023,Vasco,Internacional,1,2
Fecha 29,Oct 26 2023,Santos,Coritiba,2,1
Fecha 29,Nov 23 2023,Fortaleza,Botafogo,2,2
Fecha 30,Oct 28 2023,América,Grêmio,3,4
Fecha 30,Oct 28 2023,Palmeiras,Bahia,1,0
Fecha 30,Oct 28 2023,Atlético/MG,Fluminense,2,0
Fecha 30,Oct 29 2023,Athletico/PR,São,1,1
Fecha 30,Oct 29 2023,Goiás,Vasco,1,1
Fecha 30,Oct 29 2023,Corinthians,Santos,1,1
Fecha 30,Oct 29 2023,Internacional,Coritiba,3,4
Fecha 30,Oct 29 2023,Botafogo,Cuiabá,0,1
Fecha 30,Nov 18 2023,Fortaleza,Cruzeiro,0,1
Fecha 30,Nov 23 2023,Flamengo,RB,1,0
Fecha 31,Oct 31 2023,Bahia,Fluminense,1,0
Fecha 31,Nov 1 2023,Corinthians,Athletico/PR,1,0
Fecha 31,Nov 1 2023,Internacional,América,1,1
Fecha 31,Nov 1 2023,Coritiba,Grêmio,1,2
Fecha 31,Nov 1 2023,Flamengo,Santos,1,2
Fecha 31,Nov 1 2023,Atlético/MG,Fortaleza,3,1
Fecha 31,Nov 1 2023,Botafogo,Palmeiras,3,4
Fecha 31,Nov 2 2023,Cuiabá,Vasco,0,2
Fecha 31,Nov 2 2023,Goiás,RB,0,2
Fecha 31,Nov 2 2023,São,Cruzeiro,1,0
Fecha 32,Nov 4 2023,América,Atlético/MG,1,1
Fecha 32,Nov 4 2023,Grêmio,Bahia,1,0
Fecha 32,Nov 4 2023,Palmeiras,Athletico/PR,1,0
Fecha 32,Nov 5 2023,RB,Corinthians,1,0
Fecha 32,Nov 5 2023,Cruzeiro,Internacional,1,2
Fecha 32,Nov 5 2023,Fortaleza,Flamengo,0,2
Fecha 32,Nov 5 2023,Coritiba,Goiás,0,1
Fecha 32,Nov 6 2023,Vasco,Botafogo,1,0
Fecha 32,Nov 6 2023,Santos,Cuiabá,0,0
Fecha 32,Nov 22 2023,Fluminense,São,1,0
Fecha 33,Nov 8 2023,América,Coritiba,0,3
Fecha 33,Nov 8 2023,Internacional,Fluminense,0,0
Fecha 33,Nov 8 2023,Athletico/PR,Fortaleza,1,1
Fecha 33,Nov 8 2023,São,RB,1,0
Fecha 33,Nov 8 2023,Flamengo,Palmeiras,3,0
Fecha 33,Nov 9 2023,Corinthians,Atlético/MG,1,1
Fecha 33,Nov 9 2023,Goiás,Santos,0,1
Fecha 33,Nov 9 2023,Botafogo,Grêmio,3,4
Fecha 33,Nov 9 2023,Bahia,Cuiabá,0,3
Fecha 33,Nov 22 2023,Cruzeiro,Vasco,2,2
Fecha 34,Nov 11 2023,Coritiba,Cruzeiro,1,0
Fecha 34,Nov 11 2023,Flamengo,Fluminense,1,1
Fecha 34,Nov 11 2023,Palmeiras,Internacional,3,0
Fecha 34,Nov 12 2023,RB,Botafogo,2,2
Fecha 34,Nov 12 2023,Grêmio,Corinthians,0,1
Fecha 34,Nov 12 2023,Atlético/MG,Goiás,2,1
Fecha 34,Nov 12 2023,Santos,São,0,0
Fecha 34,Nov 12 2023,Cuiabá,Fortaleza,2,1
Fecha 34,Nov 12 2023,Vasco,América,2,1
Fecha 34,Nov 12 2023,Bahia,Athletico/PR,1,1
Fecha 35,Nov 24 2023,Corinthians,Bahia,1,5
Fecha 35,Nov 25 2023,Athletico/PR,Vasco,0,0
Fecha 35,Nov 25 2023,Fluminense,Coritiba,2,1
Fecha 35,Nov 26 2023,Botafogo,Santos,1,1
Fecha 35,Nov 26 2023,Atlético/MG,Grêmio,3,0
Fecha 35,Nov 26 2023,Internacional,RB,1,0
Fecha 35,Nov 26 2023,Fortaleza,Palmeiras,2,2
Fecha 35,Nov 26 2023,São,Cuiabá,0,0
Fecha 35,Nov 26 2023,América,Flamengo,0,3
Fecha 35,Nov 27 2023,Goiás,Cruzeiro,0,1
Fecha 36,Nov 28 2023,Vasco,Corinthians,2,4
Fecha 36,Nov 29 2023,Santos,Fluminense,0,3
Fecha 36,Nov 29 2023,Flamengo,Atlético/MG,0,3
Fecha 36,Nov 29 2023,Cuiabá,Internacional,0,2
Fecha 36,Nov 29 2023,Bahia,São,0,1
Fecha 36,Nov 29 2023,Coritiba,Botafogo,1,1
Fecha 36,Nov 29 2023,Palmeiras,América,4,0
Fecha 36,Nov 30 2023,Grêmio,Goiás,2,1
Fecha 36,Nov 30 2023,Cruzeiro,Athletico/PR,1,1
Fecha 36,Nov 30 2023,RB,Fortaleza,1,2
Fecha 37,Dec 2 2023,Corinthians,Internacional,1,2
Fecha 37,Dec 2 2023,Atlético/MG,São,2,1
Fecha 37,Dec 3 2023,Flamengo,Cuiabá,2,1
Fecha 37,Dec 3 2023,Palmeiras,Fluminense,1,0
Fecha 37,Dec 3 2023,América,Bahia,3,2
Fecha 37,Dec 3 2023,Athletico/PR,Santos,3,0
Fecha 37,Dec 3 2023,Fortaleza,Goiás,1,0
Fecha 37,Dec 3 2023,Grêmio,Vasco,1,0
Fecha 37,Dec 3 2023,RB,Coritiba,1,0
Fecha 37,Dec 3 2023,Botafogo,Cruzeiro,0,0
Fecha 38,Dec 6 2023,Goiás,América,1,0
Fecha 38,Dec 6 2023,Fluminense,Grêmio,2,3
Fecha 38,Dec 6 2023,Vasco,RB,2,1
Fecha 38,Dec 6 2023,São,Flamengo,1,0
Fecha 38,Dec 6 2023,Santos,Fortaleza,1,2
Fecha 38,Dec 6 2023,Cruzeiro,Palmeiras,1,1
Fecha 38,Dec 6 2023,Internacional,Botafogo,3,1
Fecha 38,Dec 6 2023,Coritiba,Corinthians,0,2
Fecha 38,Dec 6 2023,Bahia,Atlético/MG,4,1
Fecha 38,Dec 6 2023,Cuiabá,Athletico/PR,3,0
